{
  "name": "Chivo",
  "designer": "Omnibus-Type",
  "license": "OFL",
  "visibility": "External",
  "category": "Sans Serif",
  "size": 28146,
  "fonts": [
    {
      "name": "Chivo",
      "style": "normal",
      "weight": 400,
      "filename": "Chivo-Regular.ttf",
      "postScriptName": "Chivo-Regular",
      "fullName": "Chivo",
      "copyright": "Copyright (c) 2011 by Omnibus-Type (www.omnibus-type.com omnibus.type@gmail.com), with Reserved Font Name \"Chivo\"."
    },
    {
      "name": "Chivo",
      "style": "italic",
      "weight": 400,
      "filename": "Chivo-Italic.ttf",
      "postScriptName": "Chivo-Italic",
      "fullName": "Chivo-Italic",
      "copyright": "Copyright (c) 2011 by Omnibus-Type (www.omnibus-type.com omnibus.type@gmail.com), with Reserved Font Name \"Chivo\"."
    },
    {
      "name": "Chivo",
      "style": "normal",
      "weight": 900,
      "filename": "Chivo-Black.ttf",
      "postScriptName": "Chivo-Black",
      "fullName": "Chivo Black",
      "copyright": "Copyright (c) 2011 by Omnibus-Type (www.omnibus-type.com omnibus.type@gmail.com), with Reserved Font Name \"Chivo\"."
    },
    {
      "name": "Chivo",
      "style": "italic",
      "weight": 900,
      "filename": "Chivo-BlackItalic.ttf",
      "postScriptName": "Chivo-BlackItalic",
      "fullName": "Chivo-BlackItalic",
      "copyright": "Copyright (c) 2011 by Omnibus-Type (www.omnibus-type.com omnibus.type@gmail.com), with Reserved Font Name \"Chivo\"."
    }
  ],
  "subsets": [
    "latin",
    "menu"
  ],
  "dateAdded": "2011-12-07"
}
