{
  "name": "Poppins",
  "designer": "Indian Type Foundry",
  "license": "OFL",
  "visibility": "Sandbox",
  "category": "Sans Serif",
  "size": 121443,
  "fonts": [
    {
      "name": "Poppins",
      "postScriptName": "Poppins-Light",
      "fullName": "Poppins Light",
      "style": "normal",
      "weight": 300,
      "filename": "Poppins-Light.ttf",
      "copyright": "Copyright (c) 2014 Indian Type Foundry (info@indiantypefoundry.com)"
    },
    {
      "name": "Poppins",
      "postScriptName": "Poppins-Regular",
      "fullName": "Poppins",
      "style": "normal",
      "weight": 400,
      "filename": "Poppins-Regular.ttf",
      "copyright": "Copyright (c) 2014 Indian Type Foundry (info@indiantypefoundry.com)"
    },
    {
      "name": "Poppins",
      "postScriptName": "Poppins-Medium",
      "fullName": "Poppins Medium",
      "style": "normal",
      "weight": 500,
      "filename": "Poppins-Medium.ttf",
      "copyright": "Copyright (c) 2014 Indian Type Foundry (info@indiantypefoundry.com)"
    },
    {
      "name": "Poppins",
      "postScriptName": "Poppins-SemiBold",
      "fullName": "Poppins SemiBold",
      "style": "normal",
      "weight": 600,
      "filename": "Poppins-SemiBold.ttf",
      "copyright": "Copyright (c) 2014 Indian Type Foundry (info@indiantypefoundry.com)"
    },
    {
      "name": "Poppins",
      "postScriptName": "Poppins-Bold",
      "fullName": "Poppins Bold",
      "style": "normal",
      "weight": 700,
      "filename": "Poppins-Bold.ttf",
      "copyright": "Copyright (c) 2014 Indian Type Foundry (info@indiantypefoundry.com)"
    }
  ],
  "subsets": [
    "devanagari",
    "latin",
    "latin-ext",
    "menu"
  ],
  "dateAdded": "2015-06-03"
}
